,,,,,,,,,,,
,Chikorita,,Learnset,,Bayleef,,Learnset,,Meganium,,Learnset
,,,1 - Tackle,,,,1 - Tackle,,,,1 - Tackle
,,,1 - Growl,,,,1 - Growl,,,,1 - Growl
,,,1 - Confusion,,,,1 - Confusion,,,,1 - Confusion
,,,8 - Mega Drain,,,,8 - Mega Drain,,,,8 - Mega Drain
,,,12 - Leech Seed,,,,12 - Leech Seed,,,,12 - Leech Seed
,GRASS,,15 - PoisonPowder,,GRASS,PSYCHIC,15 - PoisonPowder,,GRASS,PSYCHIC,15 - PoisonPowder
,Ability 1,Thick Fat,15 - Stun Spore,,Ability 1,Thick Fat,15 - Stun Spore,,Ability 1,Thick Fat,15 - Stun Spore
,Ability 2,Filter,23 - Psybeam,,Ability 2,Filter,23 - Psybeam,,Ability 2,Filter,23 - Psybeam
,Base Stats,,27 - Synthesis,,Base Stats,,27 - Synthesis,,Base Stats,,27 - Synthesis
,HP,55(+10),31 - Giga Drain,,HP,70(+10),31 - Giga Drain,,HP,90(+10),31 - Giga Drain
,Attack,39(-10),34 - Extrasensory,,Attack,52(-10),34 - Extrasensory,,Attack,62(-20),34 - Extrasensory
,Defense,65,37 - Energy Ball,,Defense,80,37 - Energy Ball,,Defense,100,37 - Energy Ball
,Special Attack,56(+7),41 - Psychic,,Special Attack,83(+20),41 - Psychic,,Special Attack,103(+20),41 - Psychic
,Special Defense,65,63 - Leaf Storm,,Special Defense,80,63 - Leaf Storm,,Special Defense,100,63 - Leaf Storm
,Speed,45,66 - Psycho Boost,,Speed,75(+15),66 - Psycho Boost,,Speed,95(+15),66 - Psycho Boost
,,,70 - Petal Dance,,Evolves at level 16.,,70 - Petal Dance,,Evolves at level 36.,,70 - Petal Dance
,,,75 - Frenzy Plant,,,,75 - Frenzy Plant,,"Now learns TM19, TM77",,75 - Frenzy Plant
,,,,,,,,,,,
,,,,,,,,,,,
,Cyndaquil,,Learnset,,Quilava,,Learnset,,Typhlosion,,Learnset
,,,1 - Tackle,,,,1 - Tackle,,,,1 - Tackle
,,,1 - Leer,,,,1 - Leer,,,,1 - Leer
,,,1 - Ember,,,,1 - Ember,,,,1 - Ember
,,,6 - Flame Wheel,,,,6 - Flame Wheel,,,,6 - Flame Wheel
,,,14 - Bulldoze,,,,14 - Bulldoze,,,,14 - Bulldoze
,FIRE,,19 - Rock Slide,,FIRE,GROUND,19 - Rock Slide,,FIRE,GROUND,19 - Rock Slide
,Ability 1,Blaze,23 - Fire Fang,,Ability 1,Blaze,23 - Fire Fang,,Ability 1,Blaze,23 - Fire Fang
,Ability 2,Flash Fire,26 - Dig,,Ability 2,Flash Fire,26 - Dig,,Ability 2,Flash Fire,26 - Dig
,Base Stats,,30 - Reversal,,Base Stats,,30 - Reversal,,Base Stats,,30 - Reversal
,HP,40(+1),34 - Wild Charge,,HP,58,34 - Wild Charge,,HP,78,34 - Wild Charge
,Attack,80(+38),37 - Blaze Kick,,Attack,100(+36),37 - Blaze Kick,,Attack,120(+36),37 - Blaze Kick
,Defense,50(+7),44 - Earthquake,,Defense,75(+17),44 - Earthquake,,Defense,100(+22),44 - Earthquake
,Special Attack,42(-18),50 - Helping Hand,,Special Attack,64(-16),50 - Helping Hand,,Special Attack,74(-35),50 - Helping Hand
,Special Defense,43(-7),55 - Flare Blitz,,Special Defense,63(-2),55 - Flare Blitz,,Special Defense,78(-7),55 - Flare Blitz
,Speed,70(+5),,,Speed,80,,,Speed,100,
,,,,,Evolves at level 14.,,,,Evolves at level 36.,,
,,,,,,,,,Now learns TM19,,
,,,,,,,,,,,
,,,,,,,,,,,
,Totodile,,Learnset,,Croconaw,,Learnset,,Feraligatr,,Learnset
,,,1 - Knock Off,,,,1 - Knock Off,,,,1 - Knock Off
,,,1 - Leer,,,,1 - Leer,,,,1 - Leer
,,,1 - Scratch,,,,1 - Scratch,,,,1 - Scratch
,,,1 - Water Gun,,,,1 - Water Gun,,,,1 - Water Gun
,,,5 - Bite,,,,5 - Bite,,,,5 - Bite
,WATER,,13 - BubbleBeam,,WATER,DRAGON,13 - BubbleBeam,,WATER,DRAGON,13 - BubbleBeam
,Ability 1,Sheer Force,21 - DragonBreath,,Ability 1,Sheer Force,21 - DragonBreath,,Ability 1,Sheer Force,21 - DragonBreath
,Ability 2,Rough Skin,26 - Dive,,Ability 2,Rough Skin,26 - Dive,,Ability 2,Battle Armor,26 - Dive
,Base Stats,,29 - Ice Fang,,Base Stats,,29 - Ice Fang,,Base Stats,,29 - Ice Fang
,HP,50,33 - Crunch,,HP,70(+5),33 - Crunch,,HP,90(+5),33 - Crunch
,Attack,76(+11),36 - Dragon Claw,,Attack,100(+20),36 - Dragon Claw,,Attack,120(+15),36 - Dragon Claw
,Defense,64,40 - Waterfall,,Defense,85(+5),40 - Waterfall,,Defense,100,40 - Waterfall
,Special Attack,44,44 - Ice Punch,,Special Attack,59,44 - Ice Punch,,Special Attack,79,44 - Ice Punch
,Special Defense,48,55 - Aqua Tail,,Special Defense,68(+5),55 - Aqua Tail,,Special Defense,83,55 - Aqua Tail
,Speed,43,60 - Outrage,,Speed,58,60 - Outrage,,Speed,78,60 - Outrage
,,,,,Evolves at level 16.,,,,Evolves at level 36.,,
,,,,,,,,,Now learns TM33,,
,,,,,,,,,,,
,,,,,,,,,,,
,Sentret,,Learnset,,Furret,,Learnset,,,,
,,,1 - Scratch,,,,1 - Scratch,,,,
,,,1 - Defense Curl,,,,1 - Defense Curl,,,,
,,,5 - Fake Out,,,,5 - Fake Out,,,,
,,,10 - Quick Attack,,,,10 - Quick Attack,,,,
,,,15 - Headbutt,,,,15 - Headbutt,,,,
,NORMAL,,18 - Body Slam,,NORMAL,,18 - Body Slam,,,,
,Ability 1,Quick Feet,22 - Submission,,Ability 1,Quick Feet,22 - Submission,,,,
,Ability 2,Quick Feet,26 - Shadow Claw,,Ability 2,Quick Feet,26 - Shadow Claw,,,,
,Base Stats,,30 - Return,,Base Stats,,30 - Return,,,,
,HP,55(+20),35 - Follow Me,,HP,85,35 - Follow Me,,,,
,Attack,76(+30),40 - Facade,,Attack,106(+30),40 - Facade,,,,
,Defense,44(+10),44 - U-Turn,,Defense,74(+10),44 - U-Turn,,,,
,Special Attack,35,50 - Rest,,Special Attack,45,50 - Rest,,,,
,Special Defense,65(+20),,,Special Defense,95(+40),,,,,
,Speed,60(+40),,,Speed,90,,,,,
,,,,,Evolves at level 15.,,,,,,
,,,,,,,,,,,
,,,,,,,,,,,
,Hoothoot,,Learnset,,Noctowl,,Learnset,,,,
,,,1 - Tackle,,,,1 - Tackle,,,,
,,,1 - Growl,,,,1 - Growl,,,,
,,,1 - Gust,,,,1 - Gust,,,,
,,,6 - Confusion,,,,6 - Confusion,,,,
,,,11 - Air Cutter,,,,11 - Air Cutter,,,,
,PSYCHIC,FLYING,16 - Hypnosis,,PSYCHIC,FLYING,16 - Hypnosis,,,,
,Ability 1,Compoundeyes,20 - Psybeam,,Ability 1,Compoundeyes,20 - Psybeam,,,,
,Ability 2,Compoundeyes,23 - Roost,,Ability 2,Compoundeyes,23 - Roost,,,,
,Base Stats,,26 - Air Slash,,Base Stats,,26 - Air Slash,,,,
,HP,60,30 - Psychic,,HP,100,30 - Psychic,,,,
,Attack,30,35 - Aeroblast,,Attack,50,35 - Aeroblast,,,,
,Defense,30,39 - Imprison,,Defense,50,39 - Imprison,,,,
,Special Attack,71(+35),44 - Hurricane,,Special Attack,106(+30),44 - Hurricane,,,,
,Special Defense,76(+20),49 - Psych Up,,Special Defense,106(+10),49 - Psych Up,,,,
,Speed,50,,,Speed,80(+10),,,,,
,,,,,Evolves at level 20.,,,,,,
,,,,,"Now learns TM03, TM61",,,,,,
,,,,,,,,,,,
,,,,,,,,,,,
,Ledyba,,Learnset,,Ledian,,Learnset,,,,
,,,1 - Tackle,,,,1 - Tackle,,,,
,,,1 - Vacuum Wave,,,,1 - Vacuum Wave,,,,
,,,8 - Struggle Bug,,,,8 - Struggle Bug,,,,
,,,16 - Wake-Up Slap,,,,16 - Wake-Up Slap,,,,
,,,20 - Signal Beam,,,,20 - Signal Beam,,,,
,BUG,FIGHTING,24 - Encore,,BUG,FIGHTING,24 - Encore,,,,
,Ability 1,Shield Dust,28 - Aura Sphere,,Ability 1,Shield Dust,28 - Aura Sphere,,,,
,Ability 2,Swarm,32 - Bug Buzz,,Ability 2,Swarm,32 - Bug Buzz,,,,
,Base Stats,,35 - U-Turn,,Base Stats,,35 - U-Turn,,,,
,HP,40,42 - Attack Order,,HP,75(+20),42 - Attack Order,,,,
,Attack,20,47 - Tailwind,,Attack,35,47 - Tailwind,,,,
,Defense,30,50 - Focus Blast,,Defense,55,50 - Focus Blast,,,,
,Special Attack,80(+40),,,Special Attack,105(+50),,,,,
,Special Defense,80,,,Special Defense,110,,,,,
,Speed,75(+20),,,Speed,105(+20),,,,,
,,,,,Evolves at level 18.,,,,,,
,,,,,Now learns TM52,,,,,,
,,,,,,,,,,,
,,,,,,,,,,,
,Spinarak,,Learnset,,Ariados,,Learnset,,,,
,,,1 - Tackle,,,,1 - Tackle,,,,
,,,1 - Fury Cutter,,,,1 - Fury Cutter,,,,
,,,8 - Pursuit,,,,8 - Pursuit,,,,
,,,16 - Bug Bite,,,,16 - Bug Bite,,,,
,,,20 - Leech Life,,,,20 - Leech Life,,,,
,BUG,DARK,24 - Knock Off,,BUG,DARK,24 - Knock Off,,,,
,Ability 1,Analytic,30 - Payback,,Ability 1,Analytic,30 - Payback,,,,
,Ability 2,Insomnia,34 - X-Scissor,,Ability 2,Insomnia,34 - X-Scissor,,,,
,Base Stats,,34 - Crunch,,Base Stats,,34 - Crunch,,,,
,HP,60(+20),37 - Rage Powder,,HP,90(+20),37 - Rage Powder,,,,
,Attack,80(+20),42 - U-Turn,,Attack,120(+30),42 - U-Turn,,,,
,Defense,60(+20),47 - Sucker Punch,,Defense,90(+20),47 - Sucker Punch,,,,
,Special Attack,20(-20),,,Special Attack,60,,,,,
,Special Defense,60(+20),,,Special Defense,90(+20),,,,,
,Speed,30,,,Speed,20(-20),,,,,
,,,,,Evolves at level 18.,,,,,,
,,,,,"Now learns TM89, HM01",,,,,,
,,,,,,,,,,,
,,,,,,,,,,,
,Chinchou,,Learnset,,Lanturn,,Learnset,,,,
,,,1 - Bubble,,,,1 - Bubble,,,,
,,,1 - Thunder Wave,,,,1 - Thunder Wave,,,,
,,,5 - Water Gun,,,,5 - Water Gun,,,,
,,,13 - Spark,,,,13 - Spark,,,,
,,,17 - BubbleBeam,,,,17 - BubbleBeam,,,,
,WATER,ELECTRIC,27 - Discharge,,WATER,ELECTRIC,27 - Discharge,,,,
,Ability 1,Volt Absorb,31 - Signal Beam,,Ability 1,Volt Absorb,31 - Signal Beam,,,,
,Ability 2,Water Absorb,35 - Scald,,Ability 2,Water Absorb,35 - Scald,,,,
,Base Stats,,39 - Thunderbolt,,Base Stats,,39 - Thunderbolt,,,,
,HP,75,43 - Muddy Water,,HP,125,43 - Muddy Water,,,,
,Attack,35,50 - Electroweb,,Attack,58,50 - Electroweb,,,,
,Defense,35,55 - Zap Cannon,,Defense,68(+10),55 - Zap Cannon,,,,
,Special Attack,76(+20),,,Special Attack,96(+20),,,,,
,Special Defense,76(+20),,,Special Defense,96(+20),,,,,
,Speed,67,,,Speed,67,,,,,
,,,,,Evolves at level 27.,,,,,,
,,,,,"Now learns TM16, TM33",,,,,,
,,,,,,,,,,,
,,,,,,,,,,,
,Natu,,Learnset,,Xatu,,Learnset,,,,
,,,1 - Tackle,,,,1 - Tackle,,,,
,,,1 - Growl,,,,1 - Growl,,,,
,,,1 - Night Shade,,,,1 - Night Shade,,,,
,,,6 - Confusion,,,,6 - Confusion,,,,
,,,11 - Air Cutter,,,,11 - Air Cutter,,,,
,PSYCHIC,FLYING,16 - Thunder Wave,,PSYCHIC,FLYING,16 - Thunder Wave,,,,
,Ability 1,Synchronize,20 - Psybeam,,Ability 1,Synchronize,20 - Psybeam,,,,
,Ability 2,Magic Guard,23 - Roost,,Ability 2,Magic Guard,23 - Roost,,,,
,Base Stats,,25 - Air Slash,,Base Stats,,25 - Air Slash,,,,
,HP,50(+10),30 - Psyshock,,HP,85(+20),30 - Psyshock,,,,
,Attack,50,37 - Psychic,,Attack,75,37 - Psychic,,,,
,Defense,55(+10),42 - Aeroblast,,Defense,70,42 - Aeroblast,,,,
,Special Attack,70,44 - U-Turn,,Special Attack,105(+10),44 - U-Turn,,,,
,Special Defense,55(+10),47 - Psych Up,,Special Defense,70,47 - Psych Up,,,,
,Speed,70,50 - Trick Room,,Speed,105(+10),50 - Trick Room,,,,
,,,55 - Psycho Boost,,Evolves at level 25.,,55 - Psycho Boost,,,,
,,,,,"Now learns TM58, TM61",,,,,,
,,,,,,,,,,,
,,,,,,,,,,,
,Togepi,,Learnset,,Togetic,,Learnset,,Togekiss,,Learnset
,,,1 - Growl,,,,1 - Growl,,,,1 - Growl
,,,1 - Charm,,,,1 - Charm,,,,1 - Charm
,,,1 - Aura Sphere,,,,1 - Aura Sphere,,,,1 - Aura Sphere
,,,1 - Heat Wave,,,,1 - Heat Wave,,,,1 - Heat Wave
,,,13 - Yawn,,,,13 - Yawn,,,,13 - Yawn
,NORMAL,,17 - Encore,,FLYING,,17 - Encore,,FLYING,,17 - Encore
,Ability 1,Overcoat,25 - Air Cutter,,Ability 1,Thick Fat,25 - Air Cutter,,Ability 1,Thick Fat,25 - Air Cutter
,Ability 2,Overcoat,29 - Wish,,Ability 2,Thick Fat,29 - Wish,,Ability 2,Thick Fat,29 - Wish
,Base Stats,,33 - Air Slash,,Base Stats,,33 - Air Slash,,Base Stats,,33 - Air Slash
,HP,55(+20),40 - ExtremeSpeed,,HP,75(+20),40 - ExtremeSpeed,,HP,95(+10),40 - ExtremeSpeed
,Attack,20,44 - Roost,,Attack,40,44 - Roost,,Attack,65(+15),44 - Roost
,Defense,65,50 - Aeroblast,,Defense,85,50 - Aeroblast,,Defense,95,50 - Aeroblast
,Special Attack,70(+30),55 - Tailwind,,Special Attack,95(+15),55 - Tailwind,,Special Attack,130(+10),55 - Tailwind
,Special Defense,65,65 - Razor Wind,,Special Defense,105,65 - Razor Wind,,Special Defense,115,65 - Razor Wind
,Speed,20,,,Speed,40,,,Speed,80,
,,,,,Evolves at level 25,,,,Evolves at level 55.,,
,,,,,,,,,,,
,,,,,,,,,,,
,Mareep,,Learnset,,Flaaffy,,Learnset,,Ampharos,,Learnset
,,,1 - Tackle,,,,1 - Tackle,,,,1 - Tackle
,,,1 - Growl,,,,1 - Growl,,,,1 - Growl
,,,1 - ThunderShock,,,,1 - ThunderShock,,,,1 - ThunderShock
,,,1 - Thunder Wave,,,,1 - Thunder Wave,,,,1 - Thunder Wave
,,,9 - Spark,,,,9 - Spark,,,,9 - Spark
,ELECTRIC,,15 - Fire Punch,,ELECTRIC,,15 - Fire Punch,,ELECTRIC,DRAGON,15 - Fire Punch
,Ability 1,Static,25 - Discharge,,Ability 1,Static,25 - Discharge,,Ability 1,Mold Breaker,25 - Discharge
,Ability 2,Thick Fat,30 - Dragon Pulse,,Ability 2,Thick Fat,30 - Dragon Pulse,,Ability 2,Thick Fat,30 - Dragon Pulse
,Base Stats,,33 - Signal Beam,,Base Stats,,33 - Signal Beam,,Base Stats,,33 - Signal Beam
,HP,55,36 - Power Gem,,HP,80(+10),36 - Power Gem,,HP,90,36 - Power Gem
,Attack,40,40 - Thunderbolt,,Attack,55,40 - Thunderbolt,,Attack,75,40 - Thunderbolt
,Defense,40,44 - Volt Switch,,Defense,55,44 - Volt Switch,,Defense,90(+15),44 - Volt Switch
,Special Attack,75(+10),52 - Roar of Time,,Special Attack,95(+15),52 - Roar of Time,,Special Attack,120(+5),52 - Roar of Time
,Special Defense,55(+10),56 - Zap Cannon,,Special Defense,70(+10),56 - Zap Cannon,,Special Defense,100(+10),56 - Zap Cannon
,Speed,35,,,Speed,45,,,Speed,55,
,,,,,Evolves at level 15.,,,,Evolves at level 30.,,
,,,,,,,,,Now learns TM19,,
,,,,,,,,,,,
,,,,,,,,,,,
,Marill,,Learnset,,Azumarill,,Learnset,,,,
,,,1 - Tackle,,,,1 - Tackle,,,,
,,,1 - Aqua Jet,,,,1 - Aqua Jet,,,,
,,,1 - Tail Whip,,,,1 - Tail Whip,,,,
,,,5 - Tackle,,,,5 - Tackle,,,,
,,,10 - Headbutt,,,,10 - Headbutt,,,,
,WATER,NORMAL,15 - BubbleBeam,,WATER,NORMAL,15 - BubbleBeam,,,,
,Ability 1,Huge Power,20 - Fake Out,,Ability 1,Huge Power,20 - Fake Out,,,,
,Ability 2,Huge Power,23 - Ice Punch,,Ability 2,Huge Power,23 - Ice Punch,,,,
,Base Stats,,26 - Body Slam,,Base Stats,,26 - Body Slam,,,,
,HP,70,30 - Waterfall,,HP,100,30 - Waterfall,,,,
,Attack,40(+20),34 - Return,,Attack,70(+20),34 - Return,,,,
,Defense,70(+20),40 - Aqua Tail,,Defense,80,40 - Aqua Tail,,,,
,Special Attack,20,44 - Giga Impact,,Special Attack,50,44 - Giga Impact,,,,
,Special Defense,70(+20),,,Special Defense,80,,,,,
,Speed,40,,,Speed,50,,,,,
,,,,,Evolves at level 18.,,,,,,
,,,,,Now learns TM33,,,,,,
,,,,,,,,,,,
,,,,,,,,,,,
,Bonsly,,Learnset,,Sudowoodo,,Learnset,,,,
,,,1 - Rock Tomb,,,,1 - Rock Tomb,,,,
,,,1 - Razor Leaf,,,,1 - Razor Leaf,,,,
,,,9 - Fake Tears,,,,9 - Fake Tears,,,,
,,,16 - Low Kick,,,,16 - Low Kick,,,,
,,,25 - Rock Slide,,,,25 - Rock Slide,,,,
,ROCK,,27 - Counter,,ROCK,,27 - Counter,,,,
,Ability 1,Solid Rock,33 - Rock Climb,,Ability 1,Solid Rock,33 - Rock Climb,,,,
,Ability 2,Rock Head,39 - Sucker Punch,,Ability 2,Rock Head,39 - Sucker Punch,,,,
,Base Stats,,43 - Hammer Arm,,Base Stats,,43 - Hammer Arm,,,,
,HP,70(+20),47 - Stone Edge,,HP,80(+10),47 - Stone Edge,,,,
,Attack,80,50 - Wood Hammer,,Attack,110(+10),50 - Wood Hammer,,,,
,Defense,95,55 - Rock Wrecker,,Defense,120(+5),55 - Head Smash,,,,
,Special Attack,10,60 - Stealth Rock,,Special Attack,30,60 - Stealth Rock,,,,
,Special Defense,45,,,Special Defense,70(+5),,,,,
,Speed,10,,,Speed,60(+30),,,,,
,,,,,Evolves at level 25.,,,,,,
,,,,,,,,,,,
,,,,,,,,,,,
,Hoppip,,Learnset,,Skiploom,,Learnset,,Jumpluff,,Learnset
,,,1 - Tackle,,,,1 - Tackle,,,,1 - Tackle
,,,5 - Synthesis,,,,5 - Synthesis,,,,5 - Synthesis
,,,5 - Absorb,,,,5 - Absorb,,,,5 - Absorb
,,,10 - Air Cutter,,,,10 - Air Cutter,,,,10 - Air Cutter
,,,13 - PoisonPowder,,,,13 - PoisonPowder,,,,13 - PoisonPowder
,GRASS,FLYING,15 - Stun Spore,,GRASS,FLYING,15 - Stun Spore,,GRASS,FLYING,15 - Stun Spore
,Ability 1,Prankster,17 - Sleep Powder,,Ability 1,Prankster,17 - Sleep Powder,,Ability 1,Prankster,17 - Sleep Powder
,Ability 2,Prankster,22 - Leech Seed,,Ability 2,Prankster,22 - Leech Seed,,Ability 2,Prankster,22 - Leech Seed
,Base Stats,,25 - Mega Drain,,Base Stats,,25 - Mega Drain,,Base Stats,,25 - Mega Drain
,HP,55(+20),27 - Cotton Spore,,HP,65(+10),27 - Cotton Spore,,HP,95(+20),27 - Cotton Spore
,Attack,35,30 - Giga Drain,,Attack,45,30 - Giga Drain,,Attack,55,30 - Giga Drain
,Defense,40,33 - Air Slash,,Defense,60,33 - Air Slash,,Defense,70,33 - Air Slash
,Special Attack,55(+20),37 - U-Turn,,Special Attack,75(+30),37 - U-Turn,,Special Attack,100(+45),37 - U-Turn
,Special Defense,55,40 - Knock Off,,Special Defense,65,40 - Knock Off,,Special Defense,95,40 - Knock Off
,Speed,70(+20),44 - Energy Ball,,Speed,90(+10),44 - Energy Ball,,Speed,120(+10),44 - Energy Ball
,,,48 - Aeroblast,,Evolves at level 15.,,48 - Aeroblast,,Evolves at level 30.,,48 - Aeroblast
,,,65 - Leaf Storm,,,,65 - Leaf Storm,,Now learns TM12,,65 - Leaf Storm
,,,,,,,,,,,
,,,,,,,,,,,
,,,,,,,,,,,
,Ambipom,,Learnset,,Aipom,,Learnset,,,,
,,,1 - Quick Attack,,,,1 - Quick Attack,,,,
,,,10 - Headbutt,,,,10 - Headbutt,,,,
,,,15 - Knock Off,,,,15 - Knock Off,,,,
,,,20 - Pursuit,,,,20 - Pursuit,,,,
,,,26 - Rock Smash,,,,26 - Rock Smash,,,,
,NORMAL,,29 - Fake Out,,NORMAL,,29 - Fake Out,,,,
,Ability 1,Skill Link,35 - Double Hit,,Ability 1,Skill Link,35 - Double Hit,,,,
,Ability 2,Technician,40 - Pin Missile,,Ability 2,Technician,40 - Pin Missile,,,,
,Base Stats,,44 - Rock Blast,,Base Stats,,44 - Rock Blast,,,,
,HP,55,48 - Icicle Spear,,HP,75,48 - Icicle Spear,,,,
,Attack,80(+10),54 - Arm Thrust,,Attack,110(+10),54 - Arm Thrust,,,,
,Defense,55,60 - DoubleSlap,,Defense,76(+10),60 - DoubleSlap,,,,
,Special Attack,40,70 - Tail Slap,,Special Attack,60,70 - Tail Slap,,,,
,Special Defense,55,,,Special Defense,76(+10),,,,,
,Speed,95(+10),,,Speed,125(+10),,,,,
,YES AMBIPOM EVOLVES INTO AIPOM (RIGRED REFERENCE),,,,Evolves at level 40.,,,,,,
,,,,,,,,,,,
,,,,,,,,,,,
,Sunkern,,Learnset,,Sunflora,,Learnset,,,,
,,,1 - Absorb,,,,1 - Absorb,,,,
,,,5 - Ember,,,,5 - Ember,,,,
,,,10 - Mega Drain,,,,10 - Mega Drain,,,,
,,,15 - Leech Seed,,,,15 - Leech Seed,,,,
,,,15 - Worry Seed,,,,15 - Worry Seed,,,,
,GRASS,,20 - Flame Burst,,GRASS,FIRE,20 - Flame Burst,,,,
,Ability 1,Chlorophyll,25 - Giga Drain,,Ability 1,Chlorophyll,25 - Giga Drain,,,,
,Ability 2,Solar Power,30 - Energy Ball,,Ability 2,Solar Power,30 - Energy Ball,,,,
,Base Stats,,35 - Flamethrower,,Base Stats,,35 - Flamethrower,,,,
,HP,60(+30),40 - Synthesis,,HP,85(+10),40 - Synthesis,,,,
,Attack,60(+30),45 - SolarBeam,,Attack,55(-20),45 - SolarBeam,,,,
,Defense,60(+30),50 - Leaf Storm,,Defense,75(+20),50 - Leaf Storm,,,,
,Special Attack,60(+30),50 - Overheat,,Special Attack,110(+5),50 - Overheat,,,,
,Special Defense,60(+30),60 - Petal Dance,,Special Defense,85,60 - Petal Dance,,,,
,Speed,60(+30),,,Speed,80(+50),,,,,
,,,,,Evolves at level 20.,,,,,,
,,,,,"Now learns TM19, TM77",,,,,,
,,,,,,,,,,,
,,,,,,,,,,,
,Murkrow,,Learnset,,Honchkrow,,Learnset,,,,
,,,1 - Peck,,,,1 - Peck,,,,
,,,9 - Wing Attack,,,,9 - Wing Attack,,,,
,,,14 - Knock Off,,,,14 - Knock Off,,,,
,,,20 - Foul Play,,,,20 - Foul Play,,,,
,,,23 - Icy Wind,,,,23 - Icy Wind,,,,
,DARK,FLYING,27 - Swagger,,FLYING,DARK,27 - Swagger,,,,
,Ability 1,Prankster,32 - Roost,,Ability 1,Prankster,32 - Roost,,,,
,Ability 2,Insomnia,40 - Tailwind,,Ability 2,Insomnia,40 - Tailwind,,,,
,Base Stats,,46 - Night Slash,,Base Stats,,46 - Night Slash,,,,
,HP,60,48 - Drill Peck,,HP,100,48 - Drill Peck,,,,
,Attack,85,54 - Brave Bird,,Attack,125,54 - Brave Bird,,,,
,Defense,42,60 - Superpower,,Defense,92(+40),60 - Superpower,,,,
,Special Attack,85,70 - Sucker Punch,,Special Attack,50(-55),70 - Sucker Punch,,,,
,Special Defense,42,,,Special Defense,92(+40),,,,,
,Speed,101(+10),,,Speed,71,,,,,
,,,,,Evolves via Dusk Stone.,,,,,,
,,,,,Now learns TM89,,,,,,
,,,,,,,,,,,
,,,,,,,,,,,
,Yanma,,Learnset,,Yanmega,,Learnset,,,,
,,,1 - Baton Pass,,,,1 - Baton Pass,,,,
,,,1 - Struggle Bug,,,,1 - Struggle Bug,,,,
,,,10 - Gust,,,,10 - Gust,,,,
,,,12 - Detect,,,,12 - Detect,,,,
,,,16 - Silver Wind,,,,16 - Silver Wind,,,,
,BUG,FLYING,20 - Air Cutter,,BUG,DRAGON,20 - Air Cutter,,,,
,Ability 1,Speed Boost,26 - Air Slash,,Ability 1,Speed Boost,26 - Air Slash,,,,
,Ability 2,Speed Boost,30 - Signal Beam,,Ability 2,Speed Boost,30 - Signal Beam,,,,
,Base Stats,,34 - Aeroblast,,Base Stats,,34 - Aeroblast,,,,
,HP,65,38 - Bug Buzz,,HP,86,38 - Bug Buzz,,,,
,Attack,45(-20),40 - Dragon Pulse,,Attack,76,40 - Dragon Pulse,,,,
,Defense,65(+20),55 - Heat Wave,,Defense,86,55 - Heat Wave,,,,
,Special Attack,95(+20),62 - U-Turn,,Special Attack,116,62 - U-Turn,,,,
,Special Defense,45,75 - Draco Meteor,,Special Defense,65(+10),75 - Draco Meteor,,,,
,Speed,95,,,Speed,95,,,,,
,,,,,Evolves at level 40.,,,,,,
,,,,,,,,,,,
,,,,,,,,,,,
,Wooper,,Learnset,,Quagsire,,Learnset,,,,
,,,1 - Water Gun,,,,1 - Water Gun,,,,
,,,1 - Tail Whip,,,,1 - Tail Whip,,,,
,,,6 - Recover,,,,6 - Recover,,,,
,,,11 - Bulldoze,,,,11 - Bulldoze,,,,
,,,16 - BubbleBeam,,,,16 - BubbleBeam,,,,
,WATER,GROUND,20 - Waterfall,,WATER,GROUND,20 - Waterfall,,,,
,Ability 1,Unaware,26 - Yawn,,Ability 1,Unaware,26 - Yawn,,,,
,Ability 2,Water Absorb,30 - Earthquake,,Ability 2,Water Absorb,30 - Earthquake,,,,
,Base Stats,,35 - Toxic,,Base Stats,,35 - Toxic,,,,
,HP,75(+20),40 - Haze,,HP,95,40 - Haze,,,,
,Attack,65(+20),44 - Aqua Tail,,Attack,105(+20),44 - Aqua Tail,,,,
,Defense,65(+20),,,Defense,105(+20),,,,,
,Special Attack,25,,,Special Attack,65,,,,,
,Special Defense,45(+20),,,Special Defense,65,,,,,
,Speed,15,,,Speed,35,,,,,
,,,,,Evolves at level 20.,,,,,,
,,,,,"Now learns TM19, TM33",,,,,,
,,,,,,,,,,,
,,,,,,,,,,,
,Girafarig,,Learnset,,,,,,,,
,,,1 - Confusion,,,,,,,,
,,,1 - Growl,,,,,,,,
,,,7 - Bite,,,,,,,,
,,,13 - Psybeam,,,,,,,,
,,,19 - Snarl,,,,,,,,
,DARK,PSYCHIC,23 - Baton Pass,,,,,,,,
,Ability 1,Adaptability,28 - Extrasensory,,,,,,,,
,Ability 2,Adaptability,32 - Faint Attack,,,,,,,,
,Base Stats,,37 - Trick,,,,,,,,
,HP,70,43 - Gravity,,,,,,,,
,Attack,100(+20),47 - Dark Pulse,,,,,,,,
,Defense,65,49 - Psychic,,,,,,,,
,Special Attack,110(+20),60 - Luster Purge,,,,,,,,
,Special Defense,65,,,,,,,,,
,Speed,105(+20),,,,,,,,,
,"Now learns TM16, TM21, TM77",,,,,,,,,,
,,,,,,,,,,,
,,,,,,,,,,,
,Misdreavus,,Learnset,,Mismagius,,Learnset,,,,
,,,1 - Growl,,,,1 - Growl,,,,
,,,1 - Night Shade,,,,1 - Night Shade,,,,
,,,6 - Confusion,,,,6 - Confusion,,,,
,,,11 - Ominous Wind,,,,11 - Ominous Wind,,,,
,,,17 - Shadow Sneak,,,,17 - Shadow Sneak,,,,
,GHOST,PSYCHIC,23 - Psybeam,,GHOST,PSYCHIC,23 - Psybeam,,,,
,Ability 1,Levitate,30 - Destiny Bond,,Ability 1,Levitate,30 - Destiny Bond,,,,
,Ability 2,Levitate,34 - Perish Song,,Ability 2,Levitate,34 - Perish Song,,,,
,Base Stats,,38 - Psychic,,Base Stats,,38 - Psychic,,,,
,HP,60,42 - Shadow Ball,,HP,70(+10),42 - Shadow Ball,,,,
,Attack,60,50 - Future Sight,,Attack,60,50 - Future Sight,,,,
,Defense,60,,,Defense,70(+10),,,,,
,Special Attack,95(+10),,,Special Attack,110(+5),,,,,
,Special Defense,85,,,Special Defense,110(+5),,,,,
,Speed,85,,,Speed,110(+5),,,,,
,,,,,Evolves via Dusk Stone.,,,,,,
,,,,,Now learns TM03,,,,,,
,,,,,,,,,,,
,,,,,,,,,,,
,Pineco,,Learnset,,Forretress,,Learnset,,,,
,,,1 - Tackle,,,,1 - Tackle,,,,
,,,1 - Protect,,,,1 - Protect,,,,
,,,5 - Metal Sound,,,,5 - Metal Sound,,,,
,,,10 - Baton Pass,,,,10 - Baton Pass,,,,
,,,15 - Leech Life,,,,15 - Leech Life,,,,
,BUG,,22 - Rapid Spin,,BUG,STEEL,22 - Rapid Spin,,,,
,Ability 1,Shell Armor,30 - Magnet Bomb,,Ability 1,Shell Armor,30 - Magnet Bomb,,,,
,Ability 2,Shell Armor,35 - Counter,,Ability 2,Shell Armor,35 - Counter,,,,
,Base Stats,,40 - Flash Cannon,,Base Stats,,40 - Flash Cannon,,,,
,HP,50,45 - Bug Buzz,,HP,75,45 - Bug Buzz,,,,
,Attack,75(+10),50 - Spikes,,Attack,90,50 - Spikes,,,,
,Defense,90,55 - Gravity,,Defense,140,55 - Gravity,,,,
,Special Attack,35,65 - Guillotine,,Special Attack,90(+30),65 - Guillotine,,,,
,Special Defense,35,,,Special Defense,60,,,,,
,Speed,15,,,Speed,40,,,,,
,,,,,Evolves at level 31.,,,,,,
,,,,,,,,,,,
,,,,,,,,,,,
,Wobbuffet,,Learnset,,,,,,,,
,,,1 - Counter,,,,,,,,
,,,1 - Mirror Coat,,,,,,,,
,,,1 - Safeguard,,,,,,,,
,,,1 - Destiny Bond,,,,,,,,
,,,,,,,,,,,
,PSYCHIC,,,,,,,,,,
,Ability 1,Battle Armor,,,,,,,,,
,Ability 2,Battle Armor,,,,,,,,,
,Base Stats,,,,,,,,,,
,HP,190,,,,,,,,,
,Attack,33,,,,,,,,,
,Defense,58,,,,,,,,,
,Special Attack,33,,,,,,,,,
,Special Defense,58,,,,,,,,,
,Speed,33,,,,,,,,,
,,,,,,,,,,,
,,,,,,,,,,,
,Dunsparce,,Learnset,,,,,,,,
,,,1 - Wing Attack,,,,,,,,
,,,4 - Defense Curl,,,,,,,,
,,,6 - Bulldoze,,,,,,,,
,,,11 - Yawn,,,,,,,,
,,,14 - Glare,,,,,,,,
,GROUND,FLYING,21 - Dig,,,,,,,,
,Ability 1,Thick Fat,24 - Aerial Ace,,,,,,,,
,Ability 2,Thick Fat,31 - Screech,,,,,,,,
,Base Stats,,34 - Roost,,,,,,,,
,HP,120(+20),37 - Rock Climb,,,,,,,,
,Attack,100(+30),40 - Drill Run,,,,,,,,
,Defense,80(+10),43 - Earthquake,,,,,,,,
,Special Attack,65,55 - Sky Attack,,,,,,,,
,Special Defense,65,60 - Fissure,,,,,,,,
,Speed,45,,,,,,,,,
,"Now learns TM19, TM40, HM02",,,,,,,,,,
,,,,,,,,,,,
,,,,,,,,,,,
,Gligar,,Learnset,,Gliscor,,Learnset,,,,
,,,1 - Wing Attack,,,,1 - Wing Attack,,,,
,,,4 - Knock Off,,,,4 - Knock Off,,,,
,,,6 - Bulldoze,,,,6 - Bulldoze,,,,
,,,11 - Toxic,,,,11 - Toxic,,,,
,,,14 - Rock Tomb,,,,14 - Rock Tomb,,,,
,GROUND,FLYING,21 - Dig,,GROUND,FLYING,21 - Dig,,,,
,Ability 1,Immunity,24 - Aerial Ace,,Ability 1,Poison Heal,24 - Aerial Ace,,,,
,Ability 2,Rough Skin,31 - U-Turn,,Ability 2,Rough Skin,31 - U-Turn,,,,
,Base Stats,,34 - Roost,,Base Stats,,34 - Roost,,,,
,HP,65,37 - Rock Climb,,HP,80(+5),37 - Rock Climb,,,,
,Attack,75,40 - Fly,,Attack,100(+5),40 - Fly,,,,
,Defense,105,43 - Earthquake,,Defense,125,43 - Earthquake,,,,
,Special Attack,35,47 - Crabhammer,,Special Attack,45,47 - Crabhammer,,,,
,Special Defense,65,50 - Toxic Spikes,,Special Defense,75,50 - Toxic Spikes,,,,
,Speed,85,,,Speed,95,,,,,
,,,,,Evolves at level 40.,,,,,,
,,,,,"Now learns TM19, HM02",,,,,,
,,,,,,,,,,,
,,,,,,,,,,,
,Snubbull,,Learnset,,Granbull,,Learnset,,,,
,,,1 - Tackle,,,,1 - Tackle,,,,
,,,1 - Charm,,,,1 - Charm,,,,
,,,10 - Rock Smash,,,,10 - Rock Smash,,,,
,,,13 - Headbutt,,,,13 - Headbutt,,,,
,,,20 - Body Slam,,,,20 - Body Slam,,,,
,NORMAL,FIGHTING,23 - Brick Break,,NORMAL,FIGHTING,23 - Brick Break,,,,
,Ability 1,Quick Feet,33 - Ice Punch,,Ability 1,Quick Feet,33 - Ice Punch,,,,
,Ability 2,Guts,33 - ThunderPunch,,Ability 2,Guts,33 - ThunderPunch,,,,
,Base Stats,,33 - Fire Punch,,Base Stats,,33 - Fire Punch,,,,
,HP,70(+10),37 - Return,,HP,90,37 - Return,,,,
,Attack,90(+10),40 - Vital Throw,,Attack,120,40 - Vital Throw,,,,
,Defense,60(+10),44 - Submission,,Defense,90(+15),44 - Submission,,,,
,Special Attack,40,62 - Facade,,Special Attack,60,62 - Facade,,,,
,Special Defense,40,65 - Superpower,,Special Defense,70(+10),65 - Superpower,,,,
,Speed,50(+20),,,Speed,75(+30),,,,,
,,,,,Evolves at level 23.,,,,,,
,,,,,Now learns TM65,,,,,,
,,,,,,,,,,,
,,,,,,,,,,,
,Qwilfish,,Learnset,,,,,,,,
,,,1 - Spikes,,,,,,,,
,,,1 - Tackle,,,,,,,,
,,,1 - Poison Sting,,,,,,,,
,,,9 - BubbleBeam,,,,,,,,
,,,13 - Aqua Jet,,,,,,,,
,WATER,POISON,21 - Poison Fang,,,,,,,,
,Ability 1,Iron Barbs,25 - Revenge,,,,,,,,
,Ability 2,Intimidate,29 - Toxic,,,,,,,,
,Base Stats,,33 - Waterfall,,,,,,,,
,HP,85(+20),37 - Poison Jab,,,,,,,,
,Attack,105(+10),42 - Destiny Bond,,,,,,,,
,Defense,95(+10),45 - Aqua Tail,,,,,,,,
,Special Attack,55,50 - Gunk Shot,,,,,,,,
,Special Defense,75(+20),55 - Icy Wind,,,,,,,,
,Speed,85,60 - Haze,,,,,,,,
,Now learns TM33,,,,,,,,,,
,,,,,,,,,,,
,,,,,,,,,,,
,Teddiursa,,Learnset,,Ursaring,,Learnset,,,,
,,,1 - Tackle,,,,1 - Tackle,,,,
,,,6 - Bulldoze,,,,6 - Bulldoze,,,,
,,,12 - Charm,,,,12 - Charm,,,,
,,,16 - Headbutt,,,,16 - Headbutt,,,,
,,,23 - Dig,,,,23 - Dig,,,,
,NORMAL,GROUND,30 - Body Slam,,NORMAL,GROUND,30 - Body Slam,,,,
,Ability 1,Guts,34 - Rock Climb,,Ability 1,Guts,34 - Rock Climb,,,,
,Ability 2,Quick Feet,40 - Earthquake,,Ability 2,Quick Feet,40 - Earthquake,,,,
,Base Stats,,44 - Return,,Base Stats,,44 - Return,,,,
,HP,70(+10),50 - Slack Off,,HP,100(+10),50 - Slack Off,,,,
,Attack,80,55 - Superpower,,Attack,130,55 - Superpower,,,,
,Defense,65(+15),62 - Facade,,Defense,90(+15),62 - Facade,,,,
,Special Attack,50,70 - Fissure,,Special Attack,75,70 - Fissure,,,,
,Special Defense,50,,,Special Defense,75,,,,,
,Speed,50(+10),,,Speed,65(+10),,,,,
,,,,,Evolves at level 40.,,,,,,
,,,,,Now learns TM19,,,,,,
,,,,,,,,,,,
,,,,,,,,,,,
,Heracross,,Learnset,,,,,,,,
,,,1 - Rock Blast,,,,,,,,
,,,1 - Fury Attack,,,,,,,,
,,,6 - Horn Attack,,,,,,,,
,,,11 - Karate Chop,,,,,,,,
,,,17 - Endure,,,,,,,,
,BUG,FIGHTING,20 - Brick Break,,,,,,,,
,Ability 1,Skill Link,26 - Leech Life,,,,,,,,
,Ability 2,Guts,33 - Rock Slide,,,,,,,,
,Base Stats,,40 - Vital Throw,,,,,,,,
,HP,85(+5),44 - Night Slash,,,,,,,,
,Attack,125,47 - X-Scissor,,,,,,,,
,Defense,75,50 - Submission,,,,,,,,
,Special Attack,40,55 - Bullet Seed,,,,,,,,
,Special Defense,95,60 - Close Combat,,,,,,,,
,Speed,90(+5),65 - Pin Missile,,,,,,,,
,Now learns TM81,,65 - Arm Thrust,,,,,,,,
,,,80 - Reversal,,,,,,,,
,,,,,,,,,,,
,,,,,,,,,,,
,Sneasel,,Learnset,,Weavile,,Learnset,,,,
,,,1 - Scratch,,,,1 - Scratch,,,,
,,,1 - Leer,,,,1 - Leer,,,,
,,,1 - Taunt,,,,1 - Taunt,,,,
,,,8 - Knock Off,,,,8 - Knock Off,,,,
,,,15 - Ice Punch,,,,15 - Ice Punch,,,,
,DARK,ICE,22 - Bite,,DARK,ICE,22 - Bite,,,,
,Ability 1,Technician,27 - Fake Out,,Ability 1,Technician,27 - Fake Out,,,,
,Ability 2,Technician,30 - Ice Shard,,Ability 2,Technician,30 - Ice Shard,,,,
,Base Stats,,36 - Low Kick,,Base Stats,,36 - Low Kick,,,,
,HP,55,40 - Crunch,,HP,70,40 - Crunch,,,,
,Attack,95,44 - Icicle Crash,,Attack,120,44 - Icicle Crash,,,,
,Defense,55,60 - Beat Up,,Defense,65,60 - Beat Up,,,,
,Special Attack,35,,,Special Attack,45,,,,,
,Special Defense,75,,,Special Defense,85,,,,,
,Speed,115,,,Speed,125,,,,,
,,,,,Evolves at level 40.,,,,,,
,,,,,,,,,,,
,,,,,,,,,,,
,Slugma,,Learnset,,Magcargo,,Learnset,,,,
,,,1 - Ember,,,,1 - Ember,,,,
,,,1 - Yawn,,,,1 - Yawn,,,,
,,,1 - Will-O-Wisp,,,,1 - Will-O-Wisp,,,,
,,,1 - Recover,,,,1 - Recover,,,,
,,,22 - Flame Burst,,,,22 - Flame Burst,,,,
,FIRE,,31 - Lava Plume,,FIRE,ROCK,31 - Lava Plume,,,,
,Ability 1,Water Absorb,35 - Power Gem,,Ability 1,Water Absorb,35 - Power Gem,,,,
,Ability 2,Magma Armor,42 - Flamethrower,,Ability 2,Shell Armor,42 - Flamethrower,,,,
,Base Stats,,48 - Heat Wave,,Base Stats,,48 - Heat Wave,,,,
,HP,70(+30),60 - Overheat,,HP,80(+20),60 - Overheat,,,,
,Attack,40,,,Attack,50,,,,,
,Defense,80(+40),,,Defense,120,,,,,
,Special Attack,90(+20),,,Special Attack,110(+20),,,,,
,Special Defense,50(+10),,,Special Defense,90(+10),,,,,
,Speed,20,,,Speed,30,,,,,
,,,,,Evolves at level 38.,,,,,,
,,,,,"Now learns TM19, TM83",,,,,,
,,,,,,,,,,,
,,,,,,,,,,,
,Corsola,,Learnset,,,,,,,,
,,,1 - Mirror Coat,,,,,,,,
,,,6 - Icy Wind,,,,,,,,
,,,12 - BubbleBeam,,,,,,,,
,,,17 - Ominous Wind,,,,,,,,
,,,23 - Recover,,,,,,,,
,WATER,GHOST,28 - Will-O-Wisp,,,,,,,,
,Ability 1,Shell Armor,35 - Scald,,,,,,,,
,Ability 2,Regenerator,40 - Shadow Ball,,,,,,,,
,Base Stats,,,,,,,,,,
,HP,75(+20),,,,,,,,,
,Attack,55,,,,,,,,,
,Defense,85,,,,,,,,,
,Special Attack,105(+40),,,,,,,,,
,Special Defense,85,,,,,,,,,
,Speed,35,,,,,,,,,
,Now learns TM61,,,,,,,,,,
,,,,,,,,,,,
,,,,,,,,,,,
,Swinub,,Learnset,,Piloswine,,Learnset,,Mamoswine,,Learnset
,,,1 - Odor Sleuth,,,,1 - Odor Sleuth,,,,1 - Odor Sleuth
,,,1 - Ice Shard,,,,1 - Ice Shard,,,,1 - Ice Shard
,,,1 - Knock Off,,,,1 - Knock Off,,,,1 - Knock Off
,,,10 - Icy Wind,,,,10 - Icy Wind,,,,10 - Icy Wind
,,,16 - Bulldoze,,,,16 - Bulldoze,,,,16 - Bulldoze
,ICE,GROUND,20 - Ice Fang,,ICE,GROUND,20 - Ice Fang,,ICE,GROUND,20 - Ice Fang
,Ability 1,Thick Fat,25 - Dig,,Ability 1,Thick Fat,25 - Dig,,Ability 1,Thick Fat,25 - Dig
,Ability 2,Thick Fat,30 - Rock Slide,,Ability 2,Thick Fat,30 - Rock Slide,,Ability 2,Thick Fat,30 - Rock Slide
,Base Stats,,35 - Avalanche,,Base Stats,,35 - Avalanche,,Base Stats,,35 - Avalanche
,HP,80(+30),40 - Icicle Crash,,HP,100,40 - Icicle Crash,,HP,110,40 - Icicle Crash
,Attack,70(+20),44 - Earthquake,,Attack,100,44 - Earthquake,,Attack,130,44 - Earthquake
,Defense,50(+10),50 - Superpower,,Defense,80,50 - Superpower,,Defense,90(+10),50 - Superpower
,Special Attack,30,60 - Sheer Cold,,Special Attack,60,60 - Sheer Cold,,Special Attack,100(+30),60 - Sheer Cold
,Special Defense,30,,,Special Defense,60,,,Special Defense,60,
,Speed,50,,,Speed,50,,,Speed,90(+10),
,,,,,Evolves at level 25.,,,,Evolves at level 50.,,
,,,,,,,,,Now learns TM19,,
,,,,,,,,,,,
,,,,,,,,,,,
,Remoraid,,Learnset,,Octillery,,Learnset,,,,
,,,1 - Water Gun,,,,1 - Water Gun,,,,
,,,6 - Icy Wind,,,,6 - Icy Wind,,,,
,,,11 - BubbleBeam,,,,11 - BubbleBeam,,,,
,,,16 - Psybeam,,,,16 - Psybeam,,,,
,,,19 - Soak,,,,19 - Soak,,,,
,WATER,,22 - Flame Burst,,WATER,FIRE,22 - Flame Burst,,,,
,Ability 1,Storm Drain,25 - Octazooka,,Ability 1,Storm Drain,25 - Octazooka,,,,
,Ability 2,Sniper,28 - Flamethrower,,Ability 2,Skill Link,28 - Flamethrower,,,,
,Base Stats,,31 - Energy Ball,,Base Stats,,31 - Energy Ball,,,,
,HP,35,34 - Ice Beam,,HP,75,34 - Ice Beam,,,,
,Attack,85(+20),38 - Bullet Seed,,Attack,105,38 - Bullet Seed,,,,
,Defense,35,42 - Rock Blast,,Defense,105(+30),42 - Rock Blast,,,,
,Special Attack,85(+20),60 - Water Spout,,Special Attack,105,60 - Water Spout,,,,
,Special Defense,35,,,Special Defense,65(-10),,,,,
,Speed,85(+20),,,Speed,85(+40),,,,,
,,,,,Evolves at level 25.,,,,,,
,,,,,"Now learns TM33, TM83",,,,,,
,,,,,,,,,,,
,,,,,,,,,,,
,Delibird,,Learnset,,,,,,,,
,,,1 - Peck,,,,,,,,
,,,1 - Present,,,,,,,,
,,,10 - Ice Shard,,,,,,,,
,,,20 - Icy Wind,,,,,,,,
,,,30 - Rapid Spin,,,,,,,,
,ICE,FLYING,35 - Fake Out,,,,,,,,
,Ability 1,Technician,40 - Drill Peck,,,,,,,,
,Ability 2,Technician,44 - Icicle Crash,,,,,,,,
,Base Stats,,44 - Ice Beam,,,,,,,,
,HP,55(+10),46 - Aeroblast,,,,,,,,
,Attack,120(+65),48 - Seed Bomb,,,,,,,,
,Defense,55(+10),50 - Drill Run,,,,,,,,
,Special Attack,120(+55),60 - Sheer Cold,,,,,,,,
,Special Defense,55(+10),60 - Sky Attack,,,,,,,,
,Speed,125(+50),,,,,,,,,
,Now learns TM33,,,,,,,,,,
,,,,,,,,,,,
,,,,,,,,,,,
,Phanpy,,Learnset,,Donphan,,Learnset,,,,
,,,1 - Baton Pass,,,,1 - Baton Pass,,,,
,,,1 - Ice Shard,,,,1 - Ice Shard,,,,
,,,1 - Growl,,,,1 - Growl,,,,
,,,9 - Bulldoze,,,,9 - Bulldoze,,,,
,,,16 - Dig,,,,16 - Dig,,,,
,GROUND,,23 - Rock Slide,,GROUND,,23 - Rock Slide,,,,
,Ability 1,Quick Feet,27 - Knock Off,,Ability 1,Quick Feet,27 - Knock Off,,,,
,Ability 2,Battle Armor,35 - Rapid Spin,,Ability 2,Battle Armor,35 - Rapid Spin,,,,
,Base Stats,,41 - Earthquake,,Base Stats,,41 - Earthquake,,,,
,HP,90,49 - Stone Edge,,HP,90,49 - Stone Edge,,,,
,Attack,80(+20),55 - Charm,,Attack,120,55 - Charm,,,,
,Defense,80(+20),65 - Slack Off,,Defense,120,65 - Slack Off,,,,
,Special Attack,40,,,Special Attack,60,,,,,
,Special Defense,40,,,Special Defense,60,,,,,
,Speed,50(+10),,,Speed,65(+15),,,,,
,,,,,Evolves at level 25.,,,,,,
,,,,,"Now learns TM19, TM28",,,,,,
,,,,,,,,,,,
,,,,,,,,,,,
,Mantine,,Learnset,,,,,,,,
,,,1 - Bubble,,,,,,,,
,,,8 - Gust,,,,,,,,
,,,15 - BubbleBeam,,,,,,,,
,,,22 - Air Cutter,,,,,,,,
,,,29 - Mirror Coat,,,,,,,,
,WATER,FLYING,33 - Icy Wind,,,,,,,,
,Ability 1,Swift Swim,36 - Air Slash,,,,,,,,
,Ability 2,Water Absorb,43 - Scald,,,,,,,,
,Base Stats,,47 - Aeroblast,,,,,,,,
,HP,85(+20),50 - Roost,,,,,,,,
,Attack,40,60 - Hurricane,,,,,,,,
,Defense,70,65 - Hydro Cannon,,,,,,,,
,Special Attack,100(+20),,,,,,,,,
,Special Defense,140,,,,,,,,,
,Speed,70,,,,,,,,,
,"Now learns TM33, TM89",,,,,,,,,,
,,,,,,,,,,,
,,,,,,,,,,,
,Skarmory,,Learnset,,,,,,,,
,,,1 - Tackle,,,,,,,,
,,,8 - Peck,,,,,,,,
,,,15 - Metal Claw,,,,,,,,
,,,22 - Wing Attack,,,,,,,,
,,,29 - Metal Burst,,,,,,,,
,STEEL,FLYING,33 - Steel Wing,,,,,,,,
,Ability 1,Rock Head,36 - Aerial Ace,,,,,,,,
,Ability 2,Battle Armor,43 - Iron Head,,,,,,,,
,Base Stats,,47 - Drill Peck,,,,,,,,
,HP,70(+5),50 - Fly,,,,,,,,
,Attack,100(+20),60 - Brave Bird,,,,,,,,
,Defense,140,65 - Roost,,,,,,,,
,Special Attack,55(+15),65 - Guillotine,,,,,,,,
,Special Defense,70,,,,,,,,,
,Speed,70,,,,,,,,,
,Now learns TM89,,,,,,,,,,
,,,,,,,,,,,
,,,,,,,,,,,
,Houndour,,Learnset,,Houndoom,,Learnset,,,,
,,,1 - Leer,,,,1 - Leer,,,,
,,,1 - Ember,,,,1 - Ember,,,,
,,,13 - Flame Wheel,,,,13 - Flame Wheel,,,,
,,,19 - Bite,,,,19 - Bite,,,,
,,,24 - Fire Fang,,,,24 - Fire Fang,,,,
,DARK,FIRE,30 - Beat Up,,DARK,FIRE,30 - Beat Up,,,,
,Ability 1,Intimidate,37 - Faint Attack,,Ability 1,Intimidate,37 - Faint Attack,,,,
,Ability 2,Flash Fire,40 - Dark Pulse,,Ability 2,Flash Fire,40 - Dark Pulse,,,,
,Base Stats,,44 - Flamethrower,,Base Stats,,44 - Flamethrower,,,,
,HP,45,50 - Heat Wave,,HP,75,50 - Heat Wave,,,,
,Attack,80(+20),65 - Sucker Punch,,Attack,105(+15),65 - Sucker Punch,,,,
,Defense,30,60 - Overheat,,Defense,50,60 - Overheat,,,,
,Special Attack,90(+10),65 - Night Daze,,Special Attack,115(+5),65 - Night Daze,,,,
,Special Defense,50,70 - Blast Burn,,Special Defense,80,70 - Blast Burn,,,,
,Speed,75(+10),,,Speed,100(+5),,,,,
,,,,,Evolves at level 34.,,,,,,
,,,,,Now learns TM21,,,,,,
,,,,,,,,,,,
,,,,,,,,,,,
,Stantler,,Learnset,,,,,,,,
,,,1 - Tackle,,,,,,,,
,,,7 - Leer,,,,,,,,
,,,11 - Confusion,,,,,,,,
,,,17 - Headbutt,,,,,,,,
,,,21 - Heart Stamp,,,,,,,,
,NORMAL,PSYCHIC,29 - Body Slam,,,,,,,,
,Ability 1,Intimidate,33 - Zen Headbutt,,,,,,,,
,Ability 2,Intimidate,37 - Return,,,,,,,,
,Base Stats,,40 - Role Play,,,,,,,,
,HP,73,43 - Leaf Blade,,,,,,,,
,Attack,115(+20),43 - Night Slash,,,,,,,,
,Defense,77(+15),47 - Imprison,,,,,,,,
,Special Attack,55(-30),50 - Wonder Room,,,,,,,,
,Special Defense,75(+10),60 - Double-Edge,,,,,,,,
,Speed,105(+20),,,,,,,,,
,,,,,,,,,,,
,,,,,,,,,,,
,Miltank,,Learnset,,,,,,,,
,,,1 - Tackle,,,,,,,,
,,,4 - Growl,,,,,,,,
,,,8 - Stomp,,,,,,,,
,,,13 - Charm,,,,,,,,
,,,19 - Milk Drink,,,,,,,,
,NORMAL,,26 - Body Slam,,,,,,,,
,Ability 1,Regenerator,30 - Thunder Wave,,,,,,,,
,Ability 2,Regenerator,34 - Fling,,,,,,,,
,Base Stats,,38 - Return,,,,,,,,
,HP,95,42 - Heal Bell,,,,,,,,
,Attack,100(+20),50 - Hammer Arm,,,,,,,,
,Defense,105,70 - Stealth Rock,,,,,,,,
,Special Attack,40,,,,,,,,,
,Special Defense,70,,,,,,,,,
,Speed,100,,,,,,,,,
,,,,,,,,,,,
,,,,,,,,,,,
,,,,,,,,,,,
,Larvitar,,Learnset,,Pupitar,,Learnset,,Tyranitar,,Learnset
,,,1 - Leer,,,,1 - Leer,,,,1 - Leer
,,,1 - Rock Tomb,,,,1 - Rock Tomb,,,,1 - Rock Tomb
,,,8 - Bulldoze,,,,8 - Bulldoze,,,,8 - Bulldoze
,,,15 - Screech,,,,15 - Screech,,,,15 - Screech
,,,22 - Rock Slide,,,,22 - Rock Slide,,,,22 - Rock Slide
,ROCK,GROUND,27 - Dig,,ROCK,GROUND,27 - Dig,,ROCK,DARK,27 - Dig
,Ability 1,Guts,33 - Knock Off,,Ability 1,Battle Armor,33 - Knock Off,,Ability 1,Battle Armor,33 - Knock Off
,Ability 2,Guts,37 - Crunch,,Ability 2,Battle Armor,37 - Crunch,,Ability 2,Battle Armor,37 - Crunch
,Base Stats,,40 - Rock Climb,,Base Stats,,40 - Rock Climb,,Base Stats,,40 - Rock Climb
,HP,65(+15),43 - Earthquake,,HP,90(+20),43 - Earthquake,,HP,100,43 - Earthquake
,Attack,74(+10),47 - Superpower,,Attack,94(+10),47 - Superpower,,Attack,134,47 - Superpower
,Defense,50,50 - Payback,,Defense,90(+20),50 - Payback,,Defense,110,50 - Payback
,Special Attack,45,55 - Stone Edge,,Special Attack,65,55 - Stone Edge,,Special Attack,95,55 - Stone Edge
,Special Defense,50,65 - Rock Wrecker,,Special Defense,70,65 - Rock Wrecker,,Special Defense,100,65 - Rock Wrecker
,Speed,41,,,Speed,51,,,Speed,61,
,,,,,Evolves at level 27.,,,,Evolves at level 65.,,
,,,,,,,,,Now learns TM19,,